{"stat.useItem.minecraft.quartz_block":375,"stat.leaveGame":49,"stat.drop.minecraft.redstone":2,"stat.useItem.minecraft.lead":1,"stat.useItem.minecraft.glowstone":92,"stat.drop.minecraft.skull":2,"stat.useItem.minecraft.planks":4,"stat.pickup.minecraft.glass":1,"stat.useItem.minecraft.water_bucket":469,"stat.useItem.minecraft.vine":159,"stat.useItem.minecraft.rail":210,"stat.aviateOneCm":600987,"stat.useItem.minecraft.anvil":6,"stat.useItem.minecraft.spawn_egg":2,"stat.useItem.minecraft.red_glazed_terracotta":221,"stat.pickup.minecraft.wooden_button":1,"stat.drop.minecraft.stone_slab":1,"stat.drop.minecraft.wooden_pressure_plate":1,"stat.useItem.minecraft.minecart":14,"stat.pickup.minecraft.prismarine":1,"stat.pickup.minecraft.beef":1,"stat.useItem.minecraft.redstone":794,"stat.useItem.minecraft.trapdoor":18,"stat.useItem.minecraft.stained_glass":422,"stat.useItem.minecraft.fence":23,"stat.useItem.minecraft.cauldron":8,"stat.useItem.minecraft.flint_and_steel":23,"stat.useItem.minecraft.wooden_button":2,"stat.useItem.minecraft.dye":12,"stat.deaths":7,"stat.playOneMinute":1196215,"stat.drop.minecraft.torch":1,"stat.pickup.minecraft.dispenser":1,"stat.chestOpened":42,"stat.useItem.minecraft.splash_potion":1,"stat.useItem.minecraft.stone":223,"stat.pickup.minecraft.arrow":5247,"stat.pickup.minecraft.wooden_pressure_plate":8,"stat.useItem.minecraft.packed_ice":31,"stat.useItem.minecraft.quartz_ore":1,"stat.fallOneCm":18530,"stat.drop.minecraft.stone":1,"stat.crouchOneCm":430400,"stat.pickup.minecraft.rail":57,"stat.craftingTableInteraction":1,"stat.drop.minecraft.milk_bucket":2,"stat.pickup.minecraft.milk_bucket":3,"stat.pickup.minecraft.repeater":14,"stat.useItem.minecraft.golden_rail":59,"stat.pickup.minecraft.planks":4,"stat.drop.minecraft.minecart":3,"stat.useItem.minecraft.lime_glazed_terracotta":5,"stat.useItem.minecraft.wool":721,"stat.useItem.minecraft.bone_block":9,"stat.useItem.minecraft.torch":59,"stat.useItem.minecraft.log":74,"stat.minecartOneCm":112201,"stat.drop.minecraft.iron_door":1,"stat.drop.minecraft.planks":4,"stat.pickup.minecraft.apple":1,"stat.useItem.minecraft.fireworks":18,"stat.pickup.minecraft.banner":1,"stat.useItem.minecraft.barrier":29,"stat.useItem.minecraft.wooden_pressure_plate":7,"stat.useItem.minecraft.stonebrick":186,"stat.pickup.minecraft.iron_door":19,"stat.sneakTime":167629,"stat.pickup.minecraft.wool":2,"stat.pickup.minecraft.stone_slab":1,"stat.useItem.minecraft.wooden_axe":12,"stat.drop.minecraft.grass":2,"stat.pickup.minecraft.golden_rail":4,"stat.useItem.minecraft.web":13,"stat.pickup.minecraft.tripwire_hook":1,"stat.pickup.minecraft.redstone_torch":44,"stat.pickup.minecraft.stone_pressure_plate":2,"stat.horseOneCm":46344,"stat.useItem.minecraft.repeater":220,"stat.useItem.minecraft.skull":14,"stat.useItem.minecraft.diamond_sword":16,"stat.swimOneCm":90467,"stat.climbOneCm":17543,"stat.useItem.minecraft.end_rod":6,"stat.useItem.minecraft.redstone_torch":167,"stat.useItem.minecraft.obsidian":162,"stat.useItem.minecraft.dirt":520,"stat.pickup.minecraft.anvil":1,"stat.useItem.minecraft.detector_rail":15,"stat.pickup.minecraft.cobblestone":4,"stat.flyOneCm":6002509,"stat.pickup.minecraft.fish":2,"stat.pickup.minecraft.redstone":101,"stat.timeSinceDeath":132034,"stat.useItem.minecraft.sign":105,"stat.useItem.minecraft.wooden_slab":16,"stat.pickup.minecraft.mutton":3,"stat.useItem.minecraft.iron_door":73,"stat.useItem.minecraft.lever":2,"stat.pickup.minecraft.wooden_axe":2,"stat.pickup.minecraft.carpet":4,"stat.talkedToVillager":2,"stat.drop.minecraft.spawn_egg":2,"stat.pickup.minecraft.string":3,"stat.useItem.minecraft.milk_bucket":18,"stat.useItem.minecraft.sea_lantern":89,"stat.drop.minecraft.anvil":1,"stat.useItem.minecraft.spruce_fence":22,"stat.sprintOneCm":609068,"stat.useItem.minecraft.diamond_block":6,"stat.useItem.minecraft.stone_slab":216,"stat.pickup.minecraft.grass":2,"stat.useItem.minecraft.stone_pressure_plate":54,"stat.pickup.minecraft.spawn_egg":2,"stat.pickup.minecraft.vine":1,"stat.drop":34,"stat.pickup.minecraft.stone_button":8,"stat.killEntity.Sheep":2,"stat.useItem.minecraft.banner":27,"stat.useItem.minecraft.ladder":141,"stat.pickup.minecraft.iron_block":5,"stat.killEntity.Zombie":1,"stat.killEntity.Guardian":2,"stat.diveOneCm":21437,"stat.useItem.minecraft.sticky_piston":77,"stat.pickup.minecraft.sign":1,"stat.useItem.minecraft.quartz_stairs":190,"stat.useItem.minecraft.waterlily":133,"stat.pickup.minecraft.obsidian":1,"stat.useItem.minecraft.carpet":109,"stat.useItem.minecraft.potion":3,"stat.useItem.minecraft.stained_glass_pane":8,"stat.drop.minecraft.apple":1,"stat.useItem.minecraft.bedrock":16,"stat.jump":4332,"stat.useItem.minecraft.sand":18,"stat.useItem.minecraft.stone_button":36,"stat.pickup.minecraft.dirt":12,"stat.drop.minecraft.glass":1,"stat.useItem.minecraft.glass":38,"stat.useItem.minecraft.dispenser":67,"stat.boatOneCm":10527,"stat.pickup.minecraft.command_block":1,"stat.useItem.minecraft.redstone_lamp":482,"stat.pickup.minecraft.leather":1,"stat.damageTaken":1990,"stat.useItem.minecraft.gold_block":14,"stat.dispenserInspected":97,"stat.pickup.minecraft.prismarine_shard":2,"stat.drop.minecraft.stone_button":1,"stat.useItem.minecraft.slime":21,"stat.useItem.minecraft.magma":3,"stat.damageDealt":1078,"stat.killEntity.Cow":1,"stat.useItem.minecraft.crafting_table":1,"stat.pickup.minecraft.minecart":2,"stat.useItem.minecraft.command_block":74,"stat.walkOneCm":1351352,"stat.useItem.minecraft.chest":7,"stat.useItem.minecraft.tnt":67,"stat.drop.minecraft.vine":1,"stat.useItem.minecraft.lava_bucket":39,"stat.drop.minecraft.iron_block":5,"stat.useItem.minecraft.redstone_block":565,"stat.useItem.minecraft.item_frame":10,"stat.pickup.minecraft.stone":1,"stat.useItem.minecraft.stained_hardened_clay":187,"stat.useItem.minecraft.leaves":200,"stat.useItem.minecraft.cactus":10,"stat.pickup.minecraft.ladder":1,"stat.useItem.minecraft.concrete":204,"stat.useItem.minecraft.netherrack":30,"stat.useItem.minecraft.prismarine":1748,"stat.pickup.minecraft.barrier":1,"stat.useItem.minecraft.iron_block":5994,"stat.mobKills":6,"stat.useItem.minecraft.boat":1,"stat.useItem.minecraft.cobblestone_wall":11,"stat.drop.minecraft.prismarine":2,"stat.pickup.minecraft.torch":1,"stat.pickup.minecraft.lava_bucket":1,"stat.drop.minecraft.arrow":1}