{"stat.useItem.minecraft.string":17,"stat.drop.minecraft.waterlily":1,"stat.useItem.minecraft.quartz_block":2,"stat.leaveGame":57,"stat.drop.minecraft.redstone":11,"stat.useItem.minecraft.glowstone":22,"stat.drop.minecraft.skull":1,"stat.useItem.minecraft.planks":222,"stat.pickup.minecraft.golden_boots":1,"stat.drop.minecraft.feather":3,"stat.useItem.minecraft.water_bucket":31,"stat.drop.minecraft.redstone_torch":9,"stat.useItem.minecraft.vine":82,"stat.pickup.minecraft.name_tag":1,"stat.useItem.minecraft.rail":152,"stat.pickup.minecraft.leather_boots":1,"stat.aviateOneCm":159054,"stat.useItem.minecraft.anvil":1,"stat.useItem.minecraft.record_strad":1,"stat.killEntity.Villager":9,"stat.useItem.minecraft.fence_gate":2,"stat.useItem.minecraft.spawn_egg":17,"stat.pickup.minecraft.packed_ice":1,"stat.useItem.minecraft.red_glazed_terracotta":4,"stat.furnaceInteraction":2,"stat.drop.minecraft.diamond_block":1,"stat.pickup.minecraft.wooden_button":9,"stat.craftItem.minecraft.leather_helmet":3,"stat.drop.minecraft.wooden_pressure_plate":3,"stat.pickup.minecraft.filled_map":36,"stat.useItem.minecraft.minecart":7,"stat.pickup.minecraft.prismarine":2,"stat.useItem.minecraft.redstone":2708,"stat.pickup.minecraft.leather_helmet":1,"stat.useItem.minecraft.trapdoor":2,"stat.useItem.minecraft.stained_glass":1086,"stat.useItem.minecraft.fence":20,"stat.pickup.minecraft.skull":11,"stat.useItem.minecraft.cauldron":13,"stat.useItem.minecraft.wooden_button":36,"stat.useItem.minecraft.lingering_potion":106,"stat.useItem.minecraft.dye":64,"stat.pickup.minecraft.lever":4,"stat.deaths":13,"stat.pickup.minecraft.egg":36,"stat.playOneMinute":1589167,"stat.pickup.minecraft.diamond_block":1,"stat.pickup.minecraft.item_frame":18,"stat.pickup.minecraft.dispenser":1,"stat.useItem.minecraft.jukebox":1,"stat.chestOpened":44,"stat.useItem.minecraft.splash_potion":52,"stat.useItem.minecraft.stone":580,"stat.pickup.minecraft.arrow":12302,"stat.pickup.minecraft.waterlily":5,"stat.pickup.minecraft.wooden_pressure_plate":8,"stat.pickup.minecraft.detector_rail":1,"stat.drop.minecraft.banner":1,"stat.fallOneCm":3212,"stat.drop.minecraft.stone":1,"stat.crouchOneCm":247816,"stat.drop.minecraft.gold_ore":2,"stat.pickup.minecraft.rail":2,"stat.craftingTableInteraction":6,"stat.drop.minecraft.stained_glass_pane":1,"stat.drop.minecraft.milk_bucket":2,"stat.pickup.minecraft.milk_bucket":3,"stat.pickup.minecraft.repeater":77,"stat.useItem.minecraft.golden_rail":51,"stat.pickup.minecraft.feather":12,"stat.useItem.minecraft.furnace":1,"stat.drop.minecraft.concrete":2,"stat.pickup.minecraft.dye":4,"stat.pickup.minecraft.planks":1,"stat.pickup.minecraft.wheat_seeds":1,"stat.pickup.minecraft.lead":1,"stat.useItem.minecraft.wool":526,"stat.flowerPotted":2,"stat.useItem.minecraft.torch":29,"stat.useItem.minecraft.log":166,"stat.useItem.minecraft.comparator":6,"stat.useItem.minecraft.cobblestone":19,"stat.drop.minecraft.lingering_potion":1,"stat.craftItem.minecraft.leather_boots":2,"stat.minecartOneCm":37213,"stat.pickup.minecraft.log":1,"stat.drop.minecraft.sign":1,"stat.drop.minecraft.iron_door":1,"stat.useItem.minecraft.yellow_flower":1,"stat.drop.minecraft.planks":1,"stat.pickup.minecraft.chicken":10,"stat.useItem.minecraft.tallgrass":2,"stat.useItem.minecraft.fireworks":26,"stat.pickup.minecraft.banner":10,"stat.useItem.minecraft.barrier":112,"stat.useItem.minecraft.wooden_pressure_plate":28,"stat.useItem.minecraft.stonebrick":57,"stat.useItem.minecraft.wooden_door":1,"stat.pickup.minecraft.iron_door":15,"stat.pickup.minecraft.red_flower":9,"stat.sneakTime":119878,"stat.pickup.minecraft.wool":3,"stat.pickup.minecraft.yellow_flower":2,"stat.drop.minecraft.wooden_axe":3,"stat.useItem.minecraft.web":45,"stat.craftItem.minecraft.leather_leggings":2,"stat.pickup.minecraft.tripwire_hook":3,"stat.pickup.minecraft.lingering_potion":1,"stat.pickup.minecraft.stone_pressure_plate":8,"stat.pickup.minecraft.redstone_torch":124,"stat.horseOneCm":748,"stat.useItem.minecraft.repeater":1164,"stat.useItem.minecraft.skull":153,"stat.pickup.minecraft.leather_chestplate":1,"stat.useItem.minecraft.diamond_sword":82,"stat.swimOneCm":58025,"stat.useItem.minecraft.concrete_powder":1,"stat.climbOneCm":20987,"stat.useItem.minecraft.end_rod":37,"stat.useItem.minecraft.redstone_torch":714,"stat.useItem.minecraft.obsidian":236,"stat.pickup.minecraft.sticky_piston":1,"stat.useItem.minecraft.dirt":468,"stat.useItem.minecraft.red_flower":2,"stat.pickup.minecraft.anvil":1,"stat.useItem.minecraft.detector_rail":43,"stat.flyOneCm":3991972,"stat.pickup.minecraft.redstone":319,"stat.timeSinceDeath":1872,"stat.useItem.minecraft.sign":70,"stat.useItem.minecraft.wooden_slab":2,"stat.pickup.minecraft.mutton":1,"stat.useItem.minecraft.iron_door":276,"stat.drop.minecraft.repeater":1,"stat.useItem.minecraft.noteblock":1,"stat.useItem.minecraft.lever":63,"stat.pickup.minecraft.wooden_axe":9,"stat.drop.minecraft.stained_glass":1,"stat.pickup.minecraft.spruce_fence":1,"stat.pickup.minecraft.redstone_lamp":3,"stat.pickup.minecraft.carpet":3,"stat.mineBlock.minecraft.coal_ore":1,"stat.drop.minecraft.wool":1,"stat.useItem.minecraft.armor_stand":2,"stat.talkedToVillager":61,"stat.pickup.minecraft.string":7,"stat.drop.minecraft.redstone_lamp":3,"stat.useItem.minecraft.milk_bucket":26,"stat.drop.minecraft.obsidian":1,"stat.useItem.minecraft.spruce_fence":2,"stat.sprintOneCm":748163,"stat.useItem.minecraft.diamond_block":23,"stat.useItem.minecraft.stone_slab":116,"stat.useItem.minecraft.bed":12,"stat.pickup.minecraft.fireworks":4589,"stat.pickup.minecraft.grass":1,"stat.useItem.minecraft.stone_pressure_plate":96,"stat.useItem.minecraft.diamond_pickaxe":1,"stat.pickup.minecraft.leather_leggings":1,"stat.drop":67,"stat.craftItem.minecraft.leather_chestplate":2,"stat.pickup.minecraft.stone_button":10,"stat.useItem.minecraft.cake":1,"stat.useItem.minecraft.banner":83,"stat.useItem.minecraft.ladder":71,"stat.pickup.minecraft.iron_block":11,"stat.drop.minecraft.diamond_pickaxe":1,"stat.diveOneCm":17268,"stat.pickup.minecraft.record_strad":1,"stat.useItem.minecraft.sticky_piston":108,"stat.pickup.minecraft.sign":4,"stat.useItem.minecraft.quartz_stairs":68,"stat.useItem.minecraft.waterlily":17,"stat.pickup.minecraft.obsidian":2,"stat.useItem.minecraft.tnt_minecart":3,"stat.pickup.minecraft.stained_glass_pane":1,"stat.useItem.minecraft.carpet":28,"stat.useItem.minecraft.potion":6,"stat.useItem.minecraft.stained_glass_pane":445,"stat.useItem.minecraft.flower_pot":5,"stat.useItem.minecraft.bedrock":32,"stat.jump":4723,"stat.useItem.minecraft.iron_trapdoor":2,"stat.pickup.minecraft.coal":1,"stat.useItem.minecraft.piston":82,"stat.craftItem.minecraft.torch":4,"stat.useItem.minecraft.stone_button":33,"stat.useItem.minecraft.coal_ore":1,"stat.pickup.minecraft.dirt":30,"stat.useItem.minecraft.glass":4,"stat.useItem.minecraft.dispenser":49,"stat.drop.minecraft.barrier":1,"stat.boatOneCm":11974,"stat.pickup.minecraft.gold_ore":2,"stat.useItem.minecraft.sapling":13,"stat.pickup.minecraft.command_block":5,"stat.useItem.minecraft.redstone_lamp":632,"stat.damageTaken":770,"stat.useItem.minecraft.gold_block":23,"stat.dispenserInspected":26,"stat.tradedWithVillager":1,"stat.useItem.minecraft.carrot_on_a_stick":13,"stat.noteblockTuned":5,"stat.useItem.minecraft.slime":14,"stat.pickup.minecraft.concrete":2,"stat.useItem.minecraft.magma":36,"stat.pickup.minecraft.stained_glass":6,"stat.damageDealt":2304,"stat.craftItem.minecraft.anvil":1,"stat.useItem.minecraft.crafting_table":5,"stat.pickup.minecraft.minecart":2,"stat.useItem.minecraft.command_block":86,"stat.walkOneCm":2522049,"stat.useItem.minecraft.chest":11,"stat.pickup.minecraft.diamond_pickaxe":2,"stat.useItem.minecraft.pumpkin":11,"stat.useItem.minecraft.tnt":4,"stat.useItem.minecraft.lava_bucket":18,"stat.drop.minecraft.iron_block":9,"stat.useItem.minecraft.redstone_block":521,"stat.useItem.minecraft.item_frame":52,"stat.useItem.minecraft.spruce_stairs":23,"stat.pickup.minecraft.stone":1,"stat.useItem.minecraft.leaves":492,"stat.drop.minecraft.command_block":1,"stat.pickup.minecraft.ladder":27,"stat.useItem.minecraft.concrete":1117,"stat.useItem.minecraft.prismarine":128,"stat.pickup.minecraft.barrier":4,"stat.useItem.minecraft.tripwire_hook":15,"stat.killEntity.Chicken":10,"stat.drop.minecraft.dragon_breath":1,"stat.useItem.minecraft.iron_block":7120,"stat.killEntity.Spider":1,"stat.mobKills":20,"stat.pickup.minecraft.dragon_breath":1,"stat.useItem.minecraft.boat":1,"stat.useItem.minecraft.mossy_cobblestone":50,"stat.drop.minecraft.prismarine":3,"stat.useItem.minecraft.cobblestone_wall":62,"stat.pickup.minecraft.elytra":2,"stat.useItem.minecraft.map":30}